{
  "microbenchmarks": {
    "provider_selection": {
      "count": 1000,
      "mean_ms": 0.02576939397113165,
      "median_ms": 0.0003749992174562067,
      "p50_ms": 0.0003749992174562067,
      "p90_ms": 0.0004169996827840805,
      "p95_ms": 0.0004579997039400041,
      "p99_ms": 0.0005410001904238015,
      "min_ms": 0.00012499731383286417,
      "max_ms": 25.43770799820777,
      "stddev_ms": 0.804400482621132
    },
    "model_lookup": {
      "count": 10000,
      "mean_ms": 8.240118440880906e-05,
      "median_ms": 8.300048648379743e-05,
      "p50_ms": 8.300048648379743e-05,
      "p90_ms": 8.400093065574765e-05,
      "p95_ms": 0.00012500095181167126,
      "p99_ms": 0.00012500095181167126,
      "min_ms": 4.1000021155923605e-05,
      "max_ms": 0.00033299875212833285,
      "stddev_ms": 2.023447371333576e-05
    },
    "request_validation": {
      "count": 1000,
      "mean_ms": 0.001259026030311361,
      "median_ms": 0.0012080017768312246,
      "p50_ms": 0.0012080017768312246,
      "p90_ms": 0.0012500022421590984,
      "p95_ms": 0.001290998625336215,
      "p99_ms": 0.001333999534836039,
      "min_ms": 0.00112499765236862,
      "max_ms": 0.0396249997720588,
      "stddev_ms": 0.0012315551094175755
    }
  },
  "load_tests": {},
  "sdk_comparison": {},
  "throughput": {},
  "resource_usage": {},
  "validation": {
    "provider_selection_p95_lt_1ms": true,
    "request_validation_p95_lt_1ms": true
  }
}